{"boundaryID": "LKA-ADM2-46371173", "boundaryISO": "LKA", "boundaryYear": "2017", "boundaryType": "ADM2", "boundarySource": "OpenStreetMap, Wambacher", "boundaryCanonical": "", "boundaryLicense": "Open Data Commons Open Database License 1.0", "licenseDetail": "Open Data Commons Open Database License 1.0", "licenseSource": "https//www.openstreetmap.org/copyright", "boundarySourceURL": "https//wambachers-osm.website/boundaries/", "sourceDataUpdateDate": "Thu Jan 19 07:31:04 2023", "buildDate": "Dec 12, 2023", "admUnitCount": "25", "meanVertices": "2050.0", "minVertices": "1133", "maxVertices": "3262", "meanPerimeterLengthKM": "363.83143857949915", "maxPerimeterLengthKM": "608.5451549459242", "minPerimeterLengthKM": "202.6016428978234", "meanAreaSqKM": "2642.7561269285243", "minAreaSqKM": "683.3785382327816", "maxAreaSqKM": "7202.982372416755"}